FID,wkb_geometry,id,vej,vejid,fra,til,broklasse,frihoejde
tungvognsnet.1,"MULTILINESTRING ((719714.144125832 6176542.88152679, 719709.3093899781 6176538.62699933, 719700.357324649 6176530.61215192, 719690.124219159 6176520.75230663, 719676.495620636 6176507.00492866, 719676.0876089169 6176506.59271414, 719651.7189798449 6176482.01011585, 719635.490273867 6176462.29513985, 719625.511466705 6176449.28614019, 719618.4579595261 6176438.49475805, 719618.11615996 6176437.97181003, 719612.985265249 6176430.122511, 719612.443435688 6176429.29349685, 719606.966919124 6176420.91217132, 719606.951373797 6176420.8888555, 719600.349423529 6176410.78665348, 719588.291841145 6176391.24614341, 719581.0232079331 6176379.09000293, 719575.7918553051 6176370.24934988, 719567.65559862 6176356.4374512, 719560.665712805 6176343.59055952, 719550.483750733 6176325.37060014, 719550.0644176081 6176324.62003552, 719539.323041558 6176305.40013327, 719536.87267233 6176301.01560642, 719536.274021092 6176299.86240214, 719529.32018464 6176286.46696677, 719528.09136578 6176284.05478948, 719524.9137986971 6176277.64361923, 719521.405537002 6176270.40060504, 719508.728279736 6176243.23700872, 719502.329544084 6176228.67215562, 719499.696185681 6176222.26073597, 719499.590265093 6176222.00154658, 719495.3076670651 6176211.57104354, 719487.746404507 6176192.50454135, 719486.41509445 6176188.79885538, 719486.279485977 6176188.42203551, 719474.6323924 6176156.00382455, 719472.7052740331 6176150.15056531, 719472.4768906509 6176149.45679414, 719467.20045576 6176133.42956479, 719457.638817722 6176104.57188537, 719457.506643764 6176104.17312521, 719455.413635078 6176097.8554161, 719448.283291591 6176076.37052546, 719445.7008888 6176068.52663662, 719444.1242329 6176063.73764179, 719443.8552603329 6176062.92102305, 719439.598347091 6176049.97508976, 719435.024721301 6176036.04653311, 719430.339494713 6176021.94370745, 719430.3234235541 6176021.89637228, 719430.274387904 6176021.74534716, 719426.756983276 6176010.96483322, 719424.024081886 6176002.65474042, 719421.6587393631 6175995.69041191, 719419.0972687879 6175988.67819187, 719416.239440796 6175981.32399046, 719416.1528282011 6175981.1001959, 719413.887961506 6175975.53137538, 719410.821195435 6175968.17004491, 719409.515328431 6175965.1511214, 719407.0516115751 6175959.77344536, 719404.472242915 6175954.17340189, 719401.4358734321 6175947.95710145, 719399.868867164 6175944.83898329, 719399.4597777121 6175944.02559863, 719396.6947958381 6175938.60495674, 719393.891069557 6175933.57569639, 719390.5702355121 6175927.7319177, 719387.12373454 6175921.76761201, 719382.628546888 6175914.70418239, 719377.28841894 6175906.25454559, 719370.06867737 6175895.62296827, 719362.837950752 6175885.54738291, 719358.968534142 6175880.22896766, 719356.4394895871 6175877.04382465, 719273.895829282 6175776.81193908, 719272.205914217 6175774.75989326, 719271.173970317 6175773.0158597, 719263.2211287089 6175759.53974837, 719261.534763827 6175755.27284622, 719257.7972001911 6175745.9135278, 719253.7108994869 6175735.47091691, 719248.646943579 6175722.91620771, 719235.286302831 6175681.17372434, 719235.033815316 6175680.38344221, 719231.204530876 6175647.4812274))",32,Grøndals Parkvej,1012328000000,1506,2538,100,"5,00"
tungvognsnet.2,"MULTILINESTRING ((720086.280701746 6176933.77349966, 720083.4560849811 6176929.74337924, 720072.189252748 6176915.59746019, 720072.001819769 6176915.36266878, 720051.002649703 6176888.99887652, 720050.908923329 6176888.88198083, 720044.502368013 6176880.8393838, 720039.5828299 6176874.58093644, 719992.2828587691 6176814.40773065, 719969.589942999 6176786.32785027, 719956.066101168 6176769.15221664, 719949.18648155 6176760.39501164, 719948.593170875 6176759.64000647, 719946.0716251971 6176756.42998453, 719937.45063871 6176745.68363081, 719924.420039423 6176730.47948885, 719910.2784731761 6176715.25239379, 719899.619035023 6176703.73048325, 719892.4377334331 6176696.11575349, 719882.9623802049 6176686.53596698, 719871.636950166 6176675.00089819, 719865.045044488 6176668.99742018, 719857.9038479651 6176662.49190274, 719848.378964524 6176653.95053179, 719845.5578589541 6176651.47187043, 719833.087935156 6176640.5474271, 719810.4506623491 6176621.09292989, 719790.2175340239 6176604.66406601, 719789.681919081 6176604.22932201, 719780.393391953 6176596.68700087, 719770.1038163049 6176588.36861396, 719750.212801478 6176572.59876166, 719741.368056895 6176565.43034997, 719730.3271104661 6176556.50889681, 719717.3044372661 6176545.66257465, 719714.144125832 6176542.88152679))",33,Grøndals Parkvej,1012328000000,964,1506,100,"4,30"
tungvognsnet.3,"MULTILINESTRING ((720392.751254905 6177514.36412436, 720387.309768973 6177487.91258689, 720387.151909573 6177487.14317633, 720383.623429823 6177469.990961, 720352.740209827 6177397.58135372, 720352.378794976 6177396.7348925, 720331.742555999 6177348.61695377, 720323.5296657251 6177329.47144121, 720313.257827925 6177305.52543398, 720306.3105736921 6177290.16836382, 720306.0833982279 6177289.66668562, 720294.539203121 6177267.18209816, 720274.990590546 6177229.02444141, 720261.496881355 6177202.57984614, 720254.478271701 6177188.60589635, 720254.163508036 6177187.98044112, 720241.036009444 6177162.29137141, 720238.151432976 6177156.64624753, 720230.402879981 6177141.44041375, 720224.7897489481 6177131.26567159, 720197.532678936 6177092.42549387, 720197.37214692 6177092.19623573, 720134.9136568881 6177004.40814395, 720134.438685175 6177003.73950802, 720121.150262209 6176983.54763175))",34,Rebildvej,1015760000000,0,600,100,"5,00"
tungvognsnet.4,"MULTILINESTRING ((720121.594544741 6176983.36624191, 720121.562434589 6176983.35743111, 720120.906742149 6176983.17740973, 720086.280701746 6176933.77349966))",35,Grøndals Parkvej,1012328000000,903,964,,"4,30"
tungvognsnet.5,"MULTILINESTRING ((719594.466963179 6177547.06253503, 719559.254083101 6177525.68354253, 719491.720590352 6177499.82153866, 719491.1606102551 6177499.6073945, 719476.398182397 6177494.08365368, 719459.8185443981 6177488.02981129, 719442.062948268 6177481.54657482, 719430.717828985 6177477.33784646, 719429.9958395209 6177477.07048158, 719398.83642262 6177465.51452109, 719397.936680921 6177465.18061943, 719345.350242742 6177445.67634455, 719300.4270552291 6177428.83648015, 719299.911679607 6177428.64322541, 719283.019602928 6177422.6062255, 719206.7007116381 6177394.01968847, 719194.729873452 6177388.87425583, 719194.6743288611 6177388.85014942, 719135.921235135 6177363.59492469, 719135.691096463 6177363.49634102, 719124.8242913751 6177358.82590122, 719084.28296995 6177339.44569195, 719083.4703346749 6177339.05749187, 719074.708802471 6177334.86882761, 719065.397540228 6177330.25114256, 719065.11125232 6177330.10843314, 719029.5543490611 6177312.47236037, 719029.491942954 6177312.44111577, 719019.935998338 6177307.70155289, 719004.337926546 6177300.37365226, 718996.096119482 6177296.66443775, 718996.041594674 6177296.63935117, 718960.291129766 6177280.54704026, 718933.4000729091 6177268.80338654, 718921.153179824 6177263.3523984, 718920.970724336 6177263.27076329, 718888.4762860379 6177248.80839742, 718861.4594476791 6177236.84918559, 718853.514616128 6177233.2989019, 718852.793715151 6177232.97653943, 718820.167579463 6177218.39553587, 718800.647624698 6177209.97575904, 718785.760152757 6177205.36391965))",36,Jyllingevej,1013464000000,30,909,100,"5,00"
tungvognsnet.6,"MULTILINESTRING ((720394.529833499 6177515.74524199, 720392.9404267721 6177514.51091757, 720392.751254905 6177514.36412436, 720344.937715217 6177477.22937835, 720320.3324920869 6177460.92406837, 720312.7094243261 6177456.68085023, 720312.1849833621 6177456.38937832, 720282.108650333 6177439.68082644, 720281.811795866 6177439.51589898, 720277.418467988 6177437.67640278, 720253.29804545 6177429.84388688, 720217.4797631269 6177422.58947546, 720216.8819238261 6177422.46861816, 720214.640070927 6177422.01315331, 720113.463317961 6177426.89103666, 720092.263553195 6177428.64885423, 720091.706195867 6177428.70686436, 720091.427507321 6177428.73636942, 720041.734841937 6177433.9415498, 720011.4595601821 6177437.93090185, 719962.43437698 6177445.15002562, 719957.8261824681 6177446.03331372, 719957.511881842 6177446.09312658, 719897.744071253 6177457.54259673, 719843.857197608 6177470.01963955, 719816.2631028671 6177477.08911644, 719813.3350165109 6177477.94858887, 719812.442493948 6177478.21105382, 719748.386219091 6177497.04455811, 719738.430226217 6177500.14401938, 719699.54128568 6177512.81143704, 719699.361062689 6177512.86989827, 719614.8987140671 6177540.37946861, 719614.0801319219 6177540.64639566, 719596.293993175 6177547.6392422))",37,Sallingvej,1016184000000,255,1095,100,"5,00"
tungvognsnet.7,"MULTILINESTRING ((720584.788323226 6177685.14517984, 720594.64586228 6177693.18970575, 720609.6419037 6177708.17869008, 720624.476231074 6177723.76417695, 720695.5522979681 6177811.49274309, 720695.862436777 6177811.84600543, 720702.073698975 6177818.93743018, 720739.609229119 6177868.22484614, 720743.94119012 6177873.92861239, 720744.4374767831 6177874.5816671, 720770.039325359 6177908.28636759, 720797.45856953 6177944.38489776, 720800.477181844 6177948.36005755, 720867.2138353089 6178036.014738))",38,Hulgårdsvej,1013072000000,0,451,100,"5,00"
tungvognsnet.8,"MULTILINESTRING ((725471.149996169 6174466.21556633, 725458.107016184 6174383.1484036, 725455.79612017 6174368.43096935, 725445.846848332 6174304.95776611, 725440.0676939641 6174268.08859159, 725416.0559592331 6174129.83355146, 725411.96932018 6174101.26651672, 725408.039645163 6174078.01873767, 725405.986008644 6174056.99258405, 725404.872960932 6174032.98706547, 725406.33375848 6174012.72715196, 725408.8266354081 6173993.12314928, 725414.471068803 6173965.59660015, 725412.890137951 6173965.06873152, 725410.440827182 6173963.85824015, 725408.393165705 6173962.41763591, 725406.654701705 6173960.77471098, 725404.9120078491 6173958.52719567, 725403.515650845 6173955.8979223, 725402.6017423479 6173953.07659283, 725402.178256007 6173949.81448818, 725402.23397451 6173948.99088783, 725402.406965623 6173946.4338281, 725403.16064294 6173943.54515185, 725404.133333357 6173941.3327441, 725405.9567488581 6173938.56701978, 725408.109067426 6173936.35326593, 725410.313747787 6173934.75133168, 725413.285941516 6173933.31225082, 725416.593626297 6173932.4568763, 725419.614618863 6173932.26530083, 725422.647217431 6173932.61763213, 725424.853588828 6173933.2352863, 725432.0596945641 6173915.44956902, 725439.283666618 6173899.24979177, 725455.370095129 6173872.38833765, 725474.315211165 6173846.80683539, 725494.928143242 6173825.27833486, 725506.403948174 6173813.53750399, 725525.0805076209 6173794.42962206, 725564.23275234 6173754.37318279, 725626.620702214 6173690.04010098, 725625.8451051209 6173689.25974249, 725625.309402121 6173688.65662068, 725624.8391148959 6173688.07573917, 725624.313481654 6173687.35852038, 725623.7849384911 6173686.53752066, 725623.296034535 6173685.69509375, 725622.891974739 6173684.87907149, 725622.515270898 6173684.02525042, 725622.239293243 6173683.27004042, 725621.9499247491 6173682.38622258, 725621.680332469 6173681.37637801, 725621.517046074 6173680.50361212, 725621.395838673 6173679.63042701, 725621.3036056861 6173678.52098571, 725621.283642028 6173677.44408101, 725621.3312142 6173676.37689605, 725621.4577444851 6173675.23007853, 725621.687855425 6173673.97504906, 725622.027209161 6173672.68891183, 725622.3934223381 6173671.62078502, 725622.814859271 6173670.61178777, 725623.3400133629 6173669.55825588, 725623.9387179931 6173668.54054175, 725624.658960234 6173667.4962723, 725625.489464907 6173666.4691236, 725626.785793032 6173665.1412171, 725628.088680418 6173664.05923732, 725629.504079197 6173663.10534759, 725630.922230459 6173662.33904244, 725632.4317180951 6173661.70119376, 725634.015296313 6173661.2064574, 725635.70637582 6173660.85797005, 725637.166215511 6173660.67629999, 725638.55778927 6173660.66286376, 725639.6876109691 6173660.71835063, 725641.194090995 6173660.91203592, 725642.941983149 6173661.30965157, 725644.787386032 6173661.91800354, 725646.5244855831 6173662.78778394, 725648.020898313 6173663.7204849, 725649.3160388231 6173664.72016768, 725650.198675659 6173665.52722166, 725650.288062876 6173665.43961575, 725677.767113422 6173637.19561701, 725696.068426606 6173617.11866159, 725705.106459395 6173606.36339078, 725713.9235486541 6173595.17780202, 725725.580556707 6173576.59142648, 725735.9482430341 6173555.67303907, 725746.6641412161 6173529.50615272, 725745.426251103 6173529.07762532, 725743.664915926 6173528.27249475, 725741.8230586641 6173527.18286882, 725740.403805207 6173526.03023157, 725739.40765194 6173525.08467197, 725738.378954615 6173523.92462385, 725737.375778786 6173522.50324486, 725736.442345252 6173520.93602056, 725735.807745044 6173519.44825251, 725735.4197303 6173518.45621276, 725734.889173392 6173516.3678997, 725734.63261842 6173514.32200625, 725734.649991405 6173511.90017472, 725734.969825298 6173509.69459309, 725735.5846097469 6173507.52364612, 725736.424735776 6173505.56428983, 725737.4863573309 6173503.78521626, 725738.49613105 6173502.39758838, 725740.111146175 6173500.69749647, 725741.76853238 6173499.35891727, 725743.797246834 6173498.12394435, 725745.730886362 6173497.27249791, 725747.949259381 6173496.62347573, 725749.564151476 6173496.29032765, 725751.4177374861 6173496.17518501, 725752.9626381249 6173496.28034713, 725754.4621142619 6173496.46783082, 725755.761607807 6173496.74193662, 725759.531866015 6173478.88876455, 725760.35408811 6173474.99532496, 725762.556901016 6173455.94282274, 725763.878508169 6173431.06109176, 725763.04227169 6173406.13674897, 725760.822408766 6173384.00797095, 725738.891491689 6173250.06894602, 725727.901613106 6173184.80605585, 725627.300476348 6172586.63943226, 725603.1989441571 6172443.3335751, 725552.774895435 6172148.59119999, 725539.5528431571 6172060.98141055, 725537.367254452 6172046.49962192, 725526.20036102 6171971.45165667))",1,Ørestads Boulevard,1018541000000,500,3200,100,"5,00"
tungvognsnet.9,"MULTILINESTRING ((725512.634613052 6171891.62171673, 725507.3562354089 6171864.38230968, 725502.649206298 6171807.47004862, 725502.007338691 6171798.19862764, 725494.106762921 6171753.58222581, 725483.4226997771 6171687.35732763, 725475.500251144 6171642.06173231, 725473.32342421 6171629.08057259, 725465.338654396 6171581.4646732, 725456.6005818109 6171529.98191311, 725450.479069349 6171493.203098, 725423.6532663971 6171332.03030724, 725414.4301019411 6171284.54384069, 725406.036878343 6171251.83749059))",2,Ørestads Boulevard,1018541000000,3281,3930,100,"5,00"
tungvognsnet.10,"MULTILINESTRING ((725674.704983946 6171986.97264151, 725672.5793732781 6171985.73667493, 725667.9252938661 6171983.03049429, 725660.464886425 6171978.69253445, 725629.123666107 6171963.38690573, 725608.5101881761 6171954.86240348, 725569.2152938859 6171938.44574266, 725568.551410852 6171938.22355311, 725557.894745441 6171933.98556496, 725527.076860717 6171925.74913313, 725518.8367136309 6171924.29450973, 725482.170208227 6171917.821815, 725456.5709726891 6171914.67640705, 725438.450915431 6171913.14423189, 725383.5308541161 6171912.58527625, 725359.115826086 6171913.40682592, 725039.473025083 6171922.02548967))",3,Vejlands Allé,1018128000000,1891,2540,100,"4,80"
tungvognsnet.11,"MULTILINESTRING ((725038.473388398 6171922.05244329, 725034.090463368 6171922.17062184, 724411.408896061 6171942.87258184, 724251.6896252651 6171942.46138787, 724249.759370218 6171942.45641847, 724164.8049572711 6171928.60652582, 724006.158872937 6171881.89351599, 723968.7982747831 6171874.28228066, 723945.659545234 6171870.5612195, 723925.222255686 6171866.82145883, 723894.216916121 6171859.98394042, 723863.653626023 6171854.01448853, 723836.480015539 6171850.25779725, 723805.290805128 6171846.95804761, 723784.9503440651 6171845.05392404, 723761.850157184 6171843.7395757, 723738.26756405 6171843.70321101, 723715.5915093339 6171844.1139106, 723693.360746224 6171845.17765363, 723672.03652107 6171846.68846066, 723650.238338484 6171849.04924883, 723629.109243472 6171852.28058149, 723623.511986857 6171853.17672313, 723619.624237968 6171853.79916619, 723614.443715651 6171854.62858708, 723586.333239652 6171859.12917848, 723574.846460514 6171861.57447134, 723571.2999457681 6171862.34163476))",4,Vejlands Allé,1018128000000,2541,4021,100,"5,00"
tungvognsnet.12,"MULTILINESTRING ((726443.6639275841 6172165.18801901, 726429.430177961 6172164.68092738, 726429.336196081 6172164.6780716, 726353.146961857 6172160.33280535, 726314.5777338041 6172158.33387739, 726313.808214475 6172158.29367556, 726279.634599858 6172156.2024531, 726279.075044648 6172156.16839716, 726269.3308590739 6172155.57186577, 726237.0401818791 6172153.82694146, 726160.7870640011 6172149.68050016, 726160.027565106 6172149.63949578, 726071.54961307 6172144.82954613, 725999.24012244 6172140.95819053, 725997.992533078 6172140.89139623, 725997.652745035 6172140.87368378, 725997.6446971641 6172140.87207183, 725996.6422180521 6172140.67128024, 725972.98525928 6172135.93290908, 725955.094088841 6172131.16592765, 725954.6691553041 6172131.0524964, 725945.854592321 6172128.67059216, 725939.362394129 6172126.21648798, 725933.76804408 6172123.99119401, 725927.500849568 6172121.54153204, 725917.004822468 6172116.26027909, 725855.899045959 6172084.18652518, 725855.429717827 6172083.94016449, 725797.629543982 6172052.71499952, 725773.798153267 6172039.83154281, 725766.127140553 6172035.72251535, 725765.510409507 6172035.39221234, 725699.8499224649 6172000.22237642, 725678.208037437 6171988.85149871, 725676.093643961 6171987.74057385, 725675.385701481 6171987.3684544, 725675.358879512 6171987.35285839, 725674.704983946 6171986.97264151))",5,Vejlands Allé,1018128000000,1085,1891,100,"5,00"
tungvognsnet.13,"MULTILINESTRING ((723467.511740115 6171301.58445485, 723682.647758187 6171530.95774073, 723683.1606278031 6171531.53208616, 723798.502042465 6171660.82182557, 723882.4209652711 6171766.39730439, 723898.354622456 6171786.59967444, 723914.401070756 6171804.53437925, 723928.461715797 6171819.22662329, 723967.643496398 6171852.1527675, 723986.227678681 6171866.50314524, 724005.091379127 6171881.06922391))",7,Selinevej,1010119800000,61501,62293,100,"4,60"
tungvognsnet.14,"MULTILINESTRING ((723329.1959859561 6171167.26439867, 723337.60922228 6171176.33048433, 723394.968205382 6171233.70691192, 723466.19766496 6171300.2869109))",8,Amagermotorvejen,1010119010000,63241,63432,100,"4,60"
tungvognsnet.15,"MULTILINESTRING ((723682.647758187 6171530.95774073, 723694.435639076 6171568.19597251, 723704.377837052 6171599.60349693, 723707.531342676 6171613.07101646, 723709.603586309 6171626.22607819, 723711.4220767891 6171644.33007909, 723711.5566121071 6171657.22880568, 723710.788726988 6171672.51266352, 723709.744325137 6171686.04337566, 723707.8024234171 6171697.80768351, 723704.7217570259 6171712.17254329, 723699.2669457151 6171728.67639633, 723693.6877565221 6171743.5751633, 723687.727769825 6171758.10126899, 723680.161193141 6171771.358173, 723670.718117871 6171785.16026233, 723640.173305585 6171819.60907027, 723633.7013569551 6171825.81179812, 723605.647013025 6171847.11057446, 723586.92041257 6171858.76379163))",9,Centrumforbindelsen,1011098000000,0,379,100,"4,60"
tungvognsnet.16,"MULTILINESTRING ((722706.964788366 6172949.93930979, 722709.774626879 6172941.81013231, 722729.379778803 6172885.0900307, 722752.906326214 6172817.02690362, 722752.925451667 6172816.97025907, 722775.826058109 6172751.93094073, 722781.080650099 6172737.00747328, 722884.117300099 6172444.37443568, 722884.392857975 6172443.59156893, 722884.748532853 6172442.43896341, 722895.060256144 6172409.02262479, 722895.188827308 6172408.6058062, 722895.305011305 6172408.22914592, 722898.369128318 6172398.30174875, 722902.6505180841 6172388.0469047))",10,Sydhavnsgade,1017212000000,175,770,100,"5,00"
tungvognsnet.17,"MULTILINESTRING ((723091.914030746 6172130.05517379, 723099.130998879 6172122.52813544, 723099.3383622819 6172122.31114282, 723127.164685386 6172098.37191691, 723143.949231692 6172083.93149995, 723176.6764085131 6172059.38774077, 723202.557005031 6172041.42644006, 723229.788898531 6172023.07164733, 723262.4746646059 6172000.62587377, 723291.944569519 6171982.31525225, 723321.167441766 6171964.13102561, 723325.9484716511 6171961.1559816, 723351.323097173 6171946.12282016, 723377.4630722359 6171932.05013443, 723401.424261127 6171920.55846253, 723425.605327048 6171909.28021069, 723459.912268218 6171895.47377957, 723486.5955047429 6171885.86401338))",11,Sjællandsbroen,1016406000000,318,785,50,"5,00"
tungvognsnet.18,"MULTILINESTRING ((722851.509917999 6173272.79856504, 722833.7978909151 6173237.94837549, 722833.5985522589 6173237.55628809, 722819.770093841 6173201.08212848, 722809.386663407 6173173.69250981, 722805.144341637 6173164.48716019, 722715.196929508 6172969.31185089, 722707.294040747 6172950.79768609))",12,Scandiagade,1016296000000,0,353,100,"5,00"
tungvognsnet.19,"MULTILINESTRING ((723749.725278307 6174044.24422108, 723748.947267203 6174039.41865318, 723747.662215924 6174025.31373512, 723746.9719267649 6173996.84690985, 723746.230495883 6173971.02011356, 723747.44099847 6173923.0879816, 723747.6668960861 6173914.14309827, 723748.570534243 6173884.24217597, 723748.5702187951 6173868.40293929, 723747.2061973491 6173850.39392756, 723747.154567029 6173849.7156415, 723746.884099705 6173848.59949516, 723740.270651521 6173821.30756947, 723737.620677808 6173812.89494667, 723733.9201060131 6173802.26271097, 723730.8127020891 6173793.25482429, 723726.61029241 6173784.22531263, 723721.172371736 6173774.43711254, 723715.421429503 6173764.64373149, 723706.9133758211 6173751.86274797, 723699.8814756951 6173743.5106473, 723691.31551913 6173733.66167493, 723682.112967195 6173724.38736219, 723672.886270212 6173716.28503414, 723665.20041594 6173709.38659742, 723655.325531734 6173702.44593128, 723644.830450851 6173695.19890215, 723634.613634537 6173689.71706031, 723624.079030917 6173684.52205825, 723622.122369963 6173683.69072645, 723613.2188340779 6173679.90785732, 723598.021141504 6173673.1551917, 723583.408949063 6173668.46589529, 723565.065866432 6173662.53146033, 723465.117435082 6173630.92401591, 723464.831112555 6173630.83332818, 723260.0313813931 6173568.22997989, 723043.280241006 6173501.97337831, 723021.551305154 6173493.33207639, 722995.5717335311 6173478.15431876, 722975.8240305921 6173464.27208604, 722956.678146383 6173451.57619805, 722941.331595609 6173436.60842436, 722929.054151132 6173424.63440288, 722919.903730939 6173412.72113274, 722912.653456617 6173399.67292934, 722851.90970664 6173273.62777946, 722851.602979059 6173272.99158597))",13,Vasbygade,1018008000000,98,1426,100,"5,00"
tungvognsnet.20,"MULTILINESTRING ((722625.226233218 6173182.7520884, 722632.198880817 6173186.61441958, 722643.126119718 6173192.66730221, 722666.5577029551 6173206.53802864, 722682.53121121 6173216.78314067, 722706.9328066141 6173230.07749381, 722731.77956429 6173241.92419027, 722801.549322403 6173275.0312586, 722806.5127875931 6173277.1830705, 722810.873434623 6173278.14852155, 722816.493751666 6173278.69967608, 722821.184756348 6173278.79230832, 722827.760451511 6173278.48198575, 722835.926194131 6173276.88354764, 722844.253722919 6173274.99519001, 722850.676625004 6173273.05021463, 722851.08031074 6173272.92830391))",14,Sydhavns Plads,1017216000000,0,250,100,"5,00"
tungvognsnet.21,"MULTILINESTRING ((722625.226233218 6173182.7520884, 722619.996035484 6173180.00109302, 722610.4453730771 6173174.97760664, 722513.4081377881 6173124.2491069, 722502.2038793081 6173118.82284691, 722474.748823581 6173105.26366815, 722467.55613353 6173101.76233824, 722466.980445444 6173101.48186632, 722463.5570009941 6173099.81564697, 722425.397796413 6173078.80830375, 722424.9504764511 6173078.5623791, 722396.429782203 6173061.41778624, 722385.629569465 6173054.9841167, 722337.434475005 6173027.13704968, 722337.243568231 6173027.02723903, 722317.155091594 6173014.29380159, 722316.310340452 6173013.75792042, 722316.243150094 6173013.71557782, 722304.122579319 6173005.75426009, 722251.319727365 6172969.9011681, 722173.286245755 6172917.06753466, 722097.124390757 6172865.50636868, 722048.406871094 6172832.45405393, 722009.567203118 6172806.13931266, 722004.56450813 6172804.19857457))",15,P. Knudsens Gade,1013816000000,0,728,100,"5,00"
tungvognsnet.22,"MULTILINESTRING ((722003.798155189 6172803.90058447, 721967.434550978 6172789.79143019, 721966.884540856 6172789.57849248, 721849.68656879 6172786.47015086, 721797.523462196 6172784.49184282, 721758.544600125 6172783.0129457, 721757.764879399 6172782.983545, 721595.6276978 6172776.83507208, 721560.252523987 6172775.49368232, 721557.6474908061 6172775.39490218, 721556.64785075 6172775.35715775, 721555.778170616 6172775.32398011, 721517.65382124 6172774.54722019, 721517.593821523 6172774.54603551, 721269.65670659 6172773.47690291))",16,Ellebjergvej,1011492000000,0,737,100,"5,00"
tungvognsnet.23,"MULTILINESTRING ((721269.65670659 6172773.47690291, 721226.602749922 6172773.29124943, 721187.5961014769 6172773.12330858, 721186.765849932 6172773.11992056, 721180.594472397 6172773.17113526, 721140.58655146 6172773.50462372, 721140.0562586831 6172773.50915903, 721052.575342337 6172774.23882034, 721013.5709701341 6172774.56511236, 721012.880599788 6172774.57048851, 720988.916479661 6172774.77058294, 720899.5751513671 6172776.85603964, 720859.5794333371 6172777.78999564, 720859.2991985431 6172777.79646708, 720828.581313144 6172778.51345769, 720789.5834684649 6172779.42309877, 720788.9439206991 6172779.4384818, 720760.587039704 6172780.10005015, 720739.5893610789 6172780.5898025, 720720.4472289031 6172781.03716178, 720700.742852664 6172781.49698301))",17,Ellebjergvej,1011492000000,737,1306,100,"4,25"
tungvognsnet.24,"MULTILINESTRING ((718934.5422839511 6175146.83692921, 718590.044147238 6175139.24118555, 718546.911208143 6175135.74112233, 718520.816503632 6175132.80372984, 718501.9549677931 6175131.4627662, 718481.204292529 6175127.66258544, 718472.4355878211 6175126.26750617))",31,Roskildevej,1015968000000,857,1320,,"4,70"
tungvognsnet.25,"MULTILINESTRING ((720699.244378004 6172781.53186626, 720679.6824510391 6172784.00584477, 720666.943391054 6172784.63201854, 720639.938552877 6172785.41537027, 720632.480984121 6172785.26812307, 720616.245475168 6172785.16698389, 720605.367082434 6172785.93108863, 720583.482093191 6172787.46830311, 720583.144187938 6172787.50764875, 720575.5378001491 6172788.39385658, 720575.260052328 6172788.42638697, 720507.979721945 6172796.26543657, 720507.026163921 6172796.37665817, 720438.382849022 6172803.88567609, 720438.0750621641 6172803.91961408, 720396.628826186 6172808.45329664, 720389.026041918 6172809.34368588, 720315.654946269 6172817.98470002, 720275.65792417 6172824.76583128, 720230.273711686 6172831.85874886, 720229.7107628289 6172831.94667097, 720183.393798816 6172841.64415992, 720144.458508647 6172851.34834306, 720144.2453855 6172851.40115649, 720098.489964691 6172862.80536562, 720071.3199853321 6172870.18688345, 720044.767767539 6172877.288487, 720044.7003931451 6172877.30616386, 719974.909619822 6172895.9696983, 719935.855687879 6172904.74317048, 719923.4138385911 6172907.18251583, 719922.893633283 6172907.2842865, 719871.272406553 6172917.40321079, 719850.497947528 6172920.87947773, 719809.147498668 6172927.15367169, 719808.4551575091 6172927.25904603, 719803.444258108 6172928.01942785, 719754.686022409 6172934.90163384, 719754.626825699 6172934.91046875, 719723.0759857381 6172938.30199725, 719695.865163554 6172938.98917114, 719695.534871596 6172938.99765506, 719575.9521712471 6172944.09725721, 719575.3123899511 6172944.12463953, 719530.031117511 6172946.92293058, 719529.960999988 6172946.92754834, 719480.987083063 6172948.067331, 719476.176891125 6172948.13741392, 719462.204946096 6172948.34063858))",18,Folehaven,1011864000000,0,1252,100,"4,50"
tungvognsnet.79,"MULTILINESTRING ((724610.912858085 6175537.92451781, 724702.394122173 6175464.95546416, 724710.213411539 6175458.71840273, 724710.486839272 6175458.49971553, 724818.120252101 6175372.64512351, 724825.93954317 6175366.40805581, 724826.142824488 6175366.24600569, 724871.288069167 6175330.23118759, 724879.106361009 6175323.99409725, 724879.2862667721 6175323.85059282, 724937.26023605 6175277.78711399, 724940.90998776 6175274.88718668))",61,H. C. Andersens Boulevard,1010148800000,785,1207,100,"5,00"
tungvognsnet.80,"MULTILINESTRING ((724609.474404517 6175539.07188494, 724605.353713351 6175528.80090883, 724599.791172396 6175514.93607044, 724599.637658445 6175514.55388701, 724552.3243512771 6175455.1718598, 724551.673325071 6175454.35476946, 724524.3268032471 6175434.48952058, 724479.136960407 6175401.66240346, 724479.088631687 6175401.62743519, 724475.9306796311 6175399.33316192, 724430.743819469 6175366.32098321, 724356.943903504 6175312.40497559, 724347.80376443 6175305.08758119, 724347.600884139 6175304.92551059, 724347.077845258 6175304.50678594))",62,Tietgensgade,1017444000000,0,357,100,"5,00"
tungvognsnet.26,"MULTILINESTRING ((721200.50586714 6174030.41584964, 721194.049940268 6174014.68537916, 721194.017500679 6174014.60570826, 721159.16228207 6173929.68167699, 721138.801617081 6173880.07336983, 721102.527074102 6173791.69132436, 721102.398236503 6173791.37666074, 721056.18790542 6173674.23968485, 721052.3478479519 6173666.36687317, 721052.291139111 6173666.24970896, 721048.2097991221 6173657.87994472, 721018.597838665 6173583.79911046, 720986.3369312839 6173496.49195921, 720969.67732706 6173453.00714004, 720943.8183938521 6173385.51032245, 720938.131701374 6173370.64240062, 720938.007100253 6173370.31581653, 720908.118457793 6173292.71425097, 720880.482140453 6173226.99369047, 720852.511492694 6173162.2959359, 720824.803088887 6173095.00638641, 720824.703789134 6173094.76633499, 720815.732384698 6173072.97995907, 720778.170617069 6172978.94642483, 720747.957417365 6172903.30964693, 720746.141686505 6172898.77044257, 720734.021714409 6172868.47133821, 720733.720446454 6172867.71910582, 720699.475102035 6172782.107639, 720699.276816437 6172781.6128165, 720699.244378004 6172781.53186626, 720668.9226553021 6172705.69157812, 720652.319992608 6172664.16571423, 720563.856968567 6172442.90616017, 720539.693741241 6172382.81247642, 720539.506824585 6172382.3486115, 720516.676619894 6172325.57250647, 720509.535140423 6172307.62275838, 720509.4760431 6172307.47453585, 720479.9570105231 6172233.28083682, 720479.779738183 6172232.83516937, 720455.183388362 6172171.01432686, 720454.968952268 6172170.47489055, 720374.889464255 6171969.20031844, 720347.12141192 6171892.19919483, 720347.00949316 6171891.88886879, 720342.090379661 6171879.1309675, 720341.86008814 6171878.53319674, 720335.0735696771 6171860.93193552, 720324.353415624 6171833.12854371, 720302.299032275 6171787.36802333, 720284.58733897 6171753.19116285))",19,Gammel Køge Landevej,1012100000000,0,2455,100,"5,00"
tungvognsnet.27,"MULTILINESTRING ((721185.40144825 6174740.96230793, 721189.124984642 6174696.84396254, 721189.144428776 6174696.61926056, 721189.756786676 6174689.37058024, 721192.226795301 6174656.90293699, 721197.3491864579 6174594.18009547, 721197.405874123 6174593.4879501, 721198.13272205 6174586.21652117, 721198.2061119821 6174585.48233421))",20,Søndre Fasanvej,1017312000000,0,156,100,"5,00"
tungvognsnet.28,"MULTILINESTRING ((721198.211266226 6174585.43077156, 721198.661178917 6174577.44160009, 721198.6626924541 6174577.41562004, 721199.83024548 6174550.36432905, 721187.890615097 6174479.81361039, 721179.63485928 6174452.74625753, 721176.35230766 6174442.17540479, 721176.3193619951 6174442.07071428, 721173.165691404 6174431.91356465, 721157.644021152 6174381.65489261, 721141.742075068 6174330.3893345, 721141.7091293611 6174330.28464402, 721141.994730001 6174293.38618278, 721141.995125009 6174293.36618294, 721153.748203286 6174233.51835848, 721153.82937941 6174233.1058035, 721172.598242509 6174138.35314369, 721172.764969668 6174137.50911273, 721176.253950703 6174121.74614051))",21,Toftegårds Allé,1017524000000,0,475,100,"5,00"
tungvognsnet.29,"MULTILINESTRING ((721200.50586714 6174030.41584964, 721200.4432658921 6174030.64770239, 721200.380664643 6174030.87955514, 721194.9343282471 6174051.10276333, 721194.9181631231 6174051.16146663, 721177.880750994 6174114.42242042))",22,Toftegårds Plads,1017528310000,0,87,100,"5,00"
tungvognsnet.30,"MULTILINESTRING ((719580.4343521141 6172733.30008658, 719583.630835506 6172727.51251433, 719670.2264717639 6172588.32735184, 719670.4217477151 6172588.0130878, 719687.54117707 6172562.17325209, 719707.346866129 6172532.29791039, 719715.5722327541 6172519.8905845, 719726.394728803 6172503.55403577, 719822.731445221 6172398.74988946, 719823.232396384 6172398.20457075, 719845.107170517 6172374.211248, 719937.260196466 6172273.61801566, 719941.8501086279 6172269.14991351, 719942.243823278 6172268.76653897, 719965.67175804 6172245.95871151, 720029.997968906 6172183.33513271, 720030.414117646 6172182.93019246, 720043.105723336 6172170.57599447, 720066.290278335 6172147.8349477, 720129.047932274 6172086.57629697, 720175.620358118 6172041.08217259, 720271.508117464 6171947.41498237, 720272.144626768 6171946.79330778, 720328.68147003 6171891.43602426, 720328.773265528 6171891.34680191, 720341.339414491 6171879.04327616))",23,Vigerslevvej,1018320000000,2687,3836,100,"5,00"
tungvognsnet.31,"MULTILINESTRING ((719232.01718153 6173447.76721407, 719234.416245025 6173441.02083791, 719240.589712739 6173423.73824027, 719243.127708263 6173416.64368741, 719249.3237863041 6173399.33052338, 719251.868116815 6173392.21908873, 719260.5883979809 6173367.85111209, 719262.641405407 6173362.11449238, 719275.506928273 6173326.16100524, 719279.3948990951 6173315.29368683, 719285.7089918691 6173297.6777337, 719286.016028613 6173296.82047373, 719289.08308002 6173288.26381436, 719289.265187551 6173287.75521878, 719319.750949396 6173206.83270391, 719319.972675391 6173206.24285982, 719366.748819099 6173120.59410529, 719372.433120865 6173110.25043248, 719372.712266204 6173109.74175194, 719379.127465292 6173098.65722804, 719392.107862272 6173074.768495, 719420.9445682211 6173020.51435977, 719421.0900356519 6173020.24012829, 719433.9400762891 6172996.06270538, 719444.417177103 6172977.05538029, 719448.6449250521 6172969.54901446, 719456.494149246 6172955.61130772, 719458.2361381219 6172952.51809341))",24,Vigerslevvej,1018320000000,1890,2436,100,"4,60"
tungvognsnet.32,"MULTILINESTRING ((719089.2818503861 6173895.41742018, 719099.363224996 6173861.34379694, 719103.001414627 6173849.09404828, 719103.238209979 6173848.29842601, 719113.5407077171 6173813.6178668, 719113.634986325 6173813.30160993, 719119.492411781 6173793.58488283, 719164.559435441 6173641.15262819, 719170.398253674 6173622.88406631, 719170.404628785 6173622.8651851, 719177.7361389439 6173599.92934524, 719194.2024960931 6173553.97322859, 719196.9191163811 6173546.34400487, 719196.976294874 6173546.18407384, 719201.203253544 6173534.31107863, 719203.725837387 6173527.23723166, 719208.35705715 6173514.29481631, 719210.468700196 6173508.37528828, 719217.129764374 6173489.75481935, 719219.17575464 6173484.01906357, 719223.28795174 6173472.53694683, 719225.8200670631 6173465.43627666, 719230.8173052741 6173451.18259385, 719230.843805662 6173451.10708875, 719231.867827251 6173448.18721135, 719232.01718153 6173447.76721407))",25,Vigerslevvej,1018320000000,1420,1890,100,"5,00"
tungvognsnet.33,"MULTILINESTRING ((719238.6431228 6174510.03689012, 719218.597189355 6174478.62047828, 719212.895501452 6174469.68355994, 719200.252710627 6174449.88253267, 719196.709257542 6174444.31748911, 719183.0859615239 6174423.05455885, 719183.0102538021 6174422.93702012, 719162.486975537 6174390.90583423, 719139.865346691 6174355.45894819, 719132.469179895 6174343.82957451, 719131.9433046241 6174343.00288287, 719093.834027017 6174283.08408463, 719090.246021524 6174277.39411991, 719087.482290052 6174272.87086509, 719087.3039809711 6174272.57923575, 719084.221725256 6174266.81022718, 719081.761817384 6174261.84580651, 719079.309170215 6174256.56441099, 719076.555310303 6174250.32571123, 719075.868266771 6174248.4914619, 719061.8388755419 6174205.14129372, 719054.528527001 6174171.59044293, 719050.933387501 6174147.17566637, 719050.7285774 6174145.78479048, 719050.252748769 6174141.30972632, 719049.96336667 6174137.67665739, 719049.527532718 6174132.54413757, 719049.214162203 6174127.03589537, 719049.135874033 6174122.99684262, 719049.078022727 6174115.18778666, 719049.4012735441 6174087.82896016, 719049.411863163 6174086.98885576, 719049.5649975981 6174074.8283416, 719049.568922444 6174074.52830714, 719049.920881673 6174046.42476948, 719050.579217529 6174038.87294897, 719051.448469882 6174032.44371135, 719052.717767296 6174024.55082546, 719053.958993696 6174018.12993457, 719055.392504463 6174011.34370348, 719056.501556992 6174006.85392361, 719058.006223521 6174001.17551056, 719059.798787074 6173994.9505773, 719061.396471643 6173989.27300081, 719062.788153247 6173984.60473391, 719064.37936714 6173979.2041329, 719065.6726190561 6173974.80902458, 719066.565766726 6173971.88056455, 719068.543529525 6173965.75032245, 719069.7898089141 6173961.30226687, 719069.846817117 6173961.10031698, 719070.253664386 6173959.64680663, 719086.885623792 6173903.51011415, 719088.228079589 6173898.97901674, 719089.2818503861 6173895.41742018))",26,Vigerslevvej,1018320000000,750,1420,100,"4,25"
tungvognsnet.34,"MULTILINESTRING ((719493.260659938 6174906.26014179, 719486.903659697 6174895.96058412, 719486.892995647 6174895.94336709, 719458.70036562 6174850.2635398, 719420.305999764 6174791.0562113, 719417.702684169 6174787.0723136, 719417.620134663 6174786.9466365, 719401.6623189361 6174762.52638605, 719388.181604799 6174741.94648959, 719349.410533541 6174682.66573128, 719330.5556927541 6174653.58254686, 719319.962587763 6174637.07820502, 719319.449179571 6174636.27876842, 719308.2009934421 6174618.75311124, 719289.933908347 6174590.19974068, 719263.2863862821 6174548.59402119, 719247.723833167 6174524.26864319, 719241.767892591 6174514.93455394, 719241.71453276 6174514.85046892, 719238.6431228 6174510.03689012))",27,Vigerslevvej,1018320000000,279,750,100,"5,00"
tungvognsnet.35,"MULTILINESTRING ((719493.323686848 6174906.36225745, 719476.913616849 6174923.87978729, 719476.367910792 6174924.46222995, 719447.815306814 6174954.94284401, 719432.225072279 6174971.37014738, 719420.260451002 6174986.67062023, 719409.0835784579 6175002.55586615, 719405.247850141 6175008.39431051, 719396.37481638 6175022.91353619, 719388.703491152 6175036.91329624, 719388.438874906 6175037.39525144, 719370.657158209 6175077.04996985, 719370.3138934431 6175077.81647847, 719368.125623854 6175130.45598243, 719367.0136763831 6175147.59568843, 719366.490232023 6175155.66412931), (719366.1557565071 6175162.5097828, 719365.502777208 6175175.87419906, 719365.496288271 6175176.00011808, 719362.180042134 6175243.80802631, 719362.176856911 6175243.86798587), (719366.490232023 6175155.66412931, 719366.1557565071 6175162.5097828), (719362.176856911 6175243.86798587, 719360.6696361881 6175269.42379279, 719358.515884093 6175287.14489746, 719353.940377454 6175318.32821837, 719350.996072676 6175336.11273387, 719345.5761595421 6175363.55297561, 719345.4038566661 6175364.42589979, 719343.540941983 6175373.85564134, 719339.2394961059 6175392.27959338, 719334.779148918 6175410.03715718, 719330.382654497 6175426.38545369, 719324.339476069 6175447.49701302, 719322.2709591921 6175454.62383057, 719320.107549816 6175461.6927523, 719314.03624876 6175480.4298656, 719308.112464731 6175497.37121907, 719301.9176911961 6175514.25619882, 719295.2017878671 6175531.39097936, 719286.169539814 6175553.1577465, 719285.981533961 6175553.61020286, 719278.9309462961 6175569.15277558, 719268.383177017 6175589.24598312, 719256.064568271 6175611.17090107, 719248.751129916 6175621.73841794, 719244.372922209 6175627.99529109, 719244.2949280121 6175628.09478796, 719231.366431533 6175644.62426713))",28,Ålholmvej,1018680000000,0,806,100,"5,00"
tungvognsnet.36,"MULTILINESTRING ((719230.936616659 6175645.17435584, 719211.360445658 6175669.21772516, 719210.970830256 6175669.69720967, 719136.6751797231 6175738.0954485, 719128.493091054 6175772.47769637, 719117.085117794 6175820.41329221, 719078.6893795921 6175981.74919988, 719078.610821326 6175982.0797717, 719073.403272873 6176004.1351515, 719073.29958115 6176004.57326703, 719052.628625456 6176091.7215212, 719052.566410333 6176091.98439047, 719044.160323372 6176126.71431976, 719022.981419218 6176214.20264685, 719022.916026196 6176214.47445662, 719010.8181541051 6176264.76726302, 719010.642673793 6176265.49706917, 718990.298702187 6176350.065775, 718983.4406235131 6176378.54493234, 718983.400344142 6176378.71019836, 718953.465945693 6176503.01125935, 718953.365648264 6176503.42943408, 718951.056340778 6176513.02039376, 718920.914575606 6176638.29468804, 718918.368724118 6176648.87033952, 718918.2303444779 6176649.44381973, 718914.620942722 6176664.43308416))",29,Ålekistevej,1018672000000,0,1085,100,"5,00"
tungvognsnet.37,"MULTILINESTRING ((718914.620942722 6176664.43308416, 718906.192354682 6176699.43565341, 718906.0593502921 6176699.99023271, 718895.421690366 6176744.16955798, 718895.3377360019 6176744.52003012, 718893.4316504131 6176752.43632657, 718874.091878708 6176832.65216663, 718873.8663466229 6176833.58605924, 718871.3546088489 6176844.00432189, 718869.3269472441 6176853.11165878, 718869.172196091 6176853.80485995, 718867.032497345 6176863.41817188, 718857.190731561 6176904.07289293, 718849.744448401 6176935.83862305, 718849.632984535 6176936.31559872, 718829.149987725 6177022.44102534, 718828.91976337 6177023.40983791, 718828.752932918 6177024.10680163, 718819.741303304 6177061.98487582, 718815.868560169 6177077.84427204, 718798.399616294 6177150.10105808, 718790.26662751 6177183.50781717, 718788.963410547 6177188.70800619, 718788.757110012 6177189.52923615, 718785.3286580951 6177203.19977849))",30,Ålekistevej,1018672000000,1085,1639,100,"4,30"
tungvognsnet.38,"MULTILINESTRING ((720867.2138353089 6178036.014738, 720917.63556107 6178102.24071772, 720924.912083768 6178115.5645839, 720925.137017369 6178115.97718597, 720930.614912719 6178126.00825588, 720989.0877873149 6178235.50348098, 720989.187169248 6178235.68851545, 721035.3073729641 6178322.05085993, 721044.667909304 6178339.61454152, 721044.752805233 6178339.77327978, 721063.4406755071 6178374.83589775, 721074.509038864 6178395.60262493, 721080.664668542 6178410.15184321, 721096.302553138 6178447.11297887, 721107.57115682 6178468.70791751, 721117.200550928 6178489.92732126, 721117.258079549 6178490.05350636, 721122.1609227541 6178500.8565354, 721136.424015434 6178526.46184552, 721149.8668506229 6178546.12068352, 721158.928776348 6178562.45398194, 721171.930199051 6178589.63459733, 721177.4458514771 6178606.35933753, 721183.587561016 6178630.32736132, 721186.198629949 6178646.31967143, 721186.5875884009 6178648.38287624, 721209.6966111041 6178770.96335624, 721218.8278816311 6178819.39974832, 721218.978203687 6178820.19602393, 721245.51956627 6178967.03578537, 721245.64492431 6178967.72852816, 721248.337495137 6178982.62396365))",39,Hulgårdsvej,1013072000000,451,1485,100,"4,40"
tungvognsnet.39,"MULTILINESTRING ((721248.393532237 6178982.93167218, 721251.052759503 6178997.69688239, 721251.061810488 6178997.74507973, 721266.052249318 6179080.94921434, 721277.6672977321 6179109.25867033, 721281.676891093 6179115.40823364, 721286.68447536 6179122.25200559, 721292.549822333 6179128.35395163, 721312.770367531 6179150.54172583, 721333.826756221 6179170.43801967, 721364.3225406521 6179199.42887017, 721367.498542537 6179202.37477231, 721367.513285431 6179202.3880688, 721383.369690551 6179217.0971063, 721406.878111377 6179239.31701733, 721421.210392384 6179252.86373995, 721443.893819527 6179274.43435323, 721444.495744377 6179275.00646982, 721446.6667749591 6179277.07117257, 721470.017844477 6179299.11886066, 721477.8174916841 6179306.4831576, 721512.319866028 6179338.91255568, 721512.793243231 6179339.35808321, 721529.6712044061 6179355.22277453, 721561.795649298 6179385.57838931, 721569.213545025 6179392.5879689, 721578.6066807259 6179401.46381622, 721619.762743921 6179440.35338591, 721641.764044088 6179461.14306408, 721642.120537475 6179461.47923975, 721660.876057132 6179479.18242093, 721693.4822020279 6179509.95909989, 721714.518553115 6179529.88257323, 721714.5401575761 6179529.90300813, 721734.08191969 6179548.41039758, 721781.3247738851 6179593.15744427, 721781.4121719641 6179593.24020369, 721789.057993988 6179600.48212358, 721807.259468568 6179619.98200641, 721822.414965937 6179636.21862865, 721838.902930722 6179650.42227781, 721852.0599880781 6179657.62125525, 721857.220161998 6179659.84348481, 721867.407348724 6179663.27543044, 721871.5705638541 6179664.82560586))",40,Tomsgårdsvej,1017548000000,0,946,100,"5,00"
tungvognsnet.40,"MULTILINESTRING ((722743.00323233 6181054.558403, 722724.110885238 6181014.44623166, 722723.726826486 6181013.63232094, 722704.9304197561 6180973.72713395, 722704.6577723831 6180973.14751743, 722689.587439685 6180941.15208834, 722689.2341545119 6180940.4008107, 722667.626665332 6180894.52573201, 722645.3041351871 6180841.55676424, 722645.044239109 6180840.93938545, 722623.802487069 6180802.67151557, 722596.265536534 6180752.70563957, 722570.110156056 6180706.07638781, 722550.514934067 6180671.80965147, 722532.0561113571 6180640.98472592, 722524.815776993 6180629.73020603, 722519.505427223 6180621.49901858, 722511.917697959 6180611.06695124, 722504.3125935851 6180601.46286273, 722498.7266313729 6180595.23000391, 722498.613093661 6180595.10320995, 722498.49955595 6180594.976416, 722498.321726175 6180594.83055109))",41,Tuborgvej,1017684800000,878,1400,100,"5,00"
tungvognsnet.41,"MULTILINESTRING ((724562.039405941 6181455.14950254, 724556.731372676 6181453.09685602, 724554.2713023981 6181452.14553293, 724552.508312354 6181451.46377471, 724545.892921394 6181448.90556569, 724531.445683356 6181449.00761475, 724512.4030147151 6181451.50240814, 724500.43577481 6181453.14441892, 724499.940228129 6181453.21264703, 724480.9451175531 6181455.81907067, 724450.452396773 6181459.99476155, 724430.131534349 6181462.83378923))",42,Tuborgvej,1017684000000,0,134,100,"5,00"
tungvognsnet.42,"MULTILINESTRING ((723777.415527913 6174137.63482805, 723770.298464617 6174122.70494375, 723766.548688843 6174114.5647106, 723763.102244226 6174106.86964138, 723760.91647603 6174098.76029838, 723757.307582738 6174083.43602115, 723751.1771091081 6174053.24911583, 723749.725278307 6174044.24422108))",43,Vasbygade,1018008000000,0,98,100,"4,80"
tungvognsnet.43,"MULTILINESTRING ((724159.560494108 6174503.72903789, 724066.9765835779 6174420.90485999, 723990.193229121 6174352.3208067, 723989.715462315 6174351.8942056, 723985.589579753 6174348.2092925, 723956.4385162181 6174322.15047169, 723839.531450064 6174217.74820916, 723822.029320091 6174200.43584828, 723812.5260630291 6174188.60857008, 723804.5381970371 6174178.66595282, 723794.3418388669 6174163.2335738, 723787.724934898 6174153.21899646, 723778.474219497 6174139.23519439))",44,Kalvebod Brygge,1013520000000,1118,1647,100,"4,80"
tungvognsnet.44,"MULTILINESTRING ((724629.5984029539 6174934.6921941, 724602.486956089 6174904.26182955, 724573.537421814 6174874.83651392, 724396.172833733 6174715.75428141, 724280.330832492 6174611.92388195, 724268.0787731691 6174600.94227922, 724189.992635243 6174530.95317496, 724159.560494108 6174503.72903789))",45,Kalvebod Brygge,1013520000000,480,1118,100,"5,00"
tungvognsnet.45,"MULTILINESTRING ((722748.591937691 6174204.72161382, 722731.038112949 6174208.72160288, 722730.1829254461 6174208.91679474, 722663.094603727 6174223.30885604, 722622.807960881 6174232.21993144, 722577.034262002 6174238.44262729, 722501.039473344 6174246.50537073, 722479.439533225 6174248.35563439, 722478.512598238 6174248.43536455, 722465.488489095 6174249.5516585, 722435.592277133 6174252.11340138, 722435.0741912691 6174252.15819001, 722406.067965873 6174254.99160875, 722094.1830225181 6174257.46490886, 722045.1945970751 6174257.28464212, 721884.6722300551 6174236.00447018, 721868.736949193 6174233.89195762, 721682.892093969 6174157.58980161, 721673.44875783 6174154.1902006, 721569.269405288 6174131.22785776, 721568.49846284 6174131.10859135, 721512.85964098 6174122.4668046, 721491.5739373631 6174116.41424224, 721458.2903201691 6174100.70210425, 721458.118861528 6174100.62068796, 721364.019688265 6174054.42421347, 721363.9572810981 6174054.39296942, 721340.5507264091 6174046.87678305, 721334.0403299581 6174044.94777669, 721323.53726662 6174043.23337498, 721297.137715852 6174039.05665455, 721258.878326914 6174036.78218006, 721201.607011165 6174030.54451283))",46,Vigerslev Allé,1018308000000,0,1589,100,"5,00"
tungvognsnet.46,"MULTILINESTRING ((722756.4209889311 6174260.84801381, 722756.419452231 6174260.84140904, 722748.678848551 6174205.48762773, 722748.591937691 6174204.72161382, 722748.541305299 6174204.3694842))",47,Enghavevej,1011592000000,1006,1063,100,"5,00"
tungvognsnet.47,"MULTILINESTRING ((724189.4644468579 6175174.70620614, 724195.205789481 6175169.13237787, 724195.5515478271 6175168.79707305, 724196.583561656 6175167.29785969, 724197.950003655 6175164.77084399, 724199.280856744 6175160.90559645, 724203.291822107 6175128.42496033, 724203.6481054251 6175123.96123113, 724203.9482671361 6175119.65445574, 724204.314032281 6175114.71072398, 724204.552825164 6175110.77588377, 724204.849806233 6175106.63010918, 724205.015733454 6175103.64920723, 724205.120185768 6175101.09626052, 724205.174825539 6175098.33024594, 724205.278297544 6175095.77627947, 724205.347673774 6175092.26426096, 724205.386569481 6175090.29525057, 724205.356701084 6175089.1231974, 724205.439727243 6175084.92017523, 724205.401102561 6175081.4060232, 724205.269099881 6175077.2507738, 724205.03962524 6175072.56038809, 724204.8185459321 6175067.44500015, 724204.471541513 6175063.28550353, 724204.2294636089 6175059.23312121, 724203.663230212 6175055.2833785, 724203.116940724 6175050.37465051, 724202.755239145 6175046.95915786, 724202.374611022 6175044.24857016, 724201.805197021 6175040.45982836, 724201.166273758 6175036.7967637, 724200.590782908 6175033.26500354, 724200.01153879 6175029.9232444, 724199.493707329 6175026.71375024, 724198.905633193 6175023.81899348, 724198.5580861861 6175021.76331799, 724198.02076256 6175019.6418691, 724197.310969137 6175016.42658213, 724196.7167786619 6175013.79080703, 724196.1175707179 6175011.40903326, 724195.521891233 6175008.89927859, 724195.0365134961 6175006.88289704, 724194.490979836 6175004.7212702, 724193.841675229 6175002.19144874, 724193.436450953 6175000.47276763, 724192.88876409 6174998.4201414, 724192.4772532319 6174996.91842193, 724192.070646167 6174995.26974121, 724191.727118374 6174994.02346514, 724191.317338382 6174992.48476525, 724190.8006342871 6174990.68685154, 724190.387681371 6174989.25813248, 724189.674906992 6174986.85210674, 724189.26624296 6174985.45948664, 724188.804637815 6174984.06281957, 724188.328047411 6174982.56381615, 724187.6694189011 6174980.50599727, 724187.0766746921 6174978.7085823, 724186.496513214 6174977.0844843, 724186.034216652 6174975.72281744, 724184.961049763 6174972.62040012, 724183.901564364 6174969.68631953, 724183.038714668 6174967.38237084, 724182.14157584 6174965.04173058, 724181.509749734 6174963.39960535, 724179.62032084 6174958.26826816, 724178.0909730439 6174954.35552291, 724175.958959643 6174949.04632546, 724174.291954002 6174945.06283415, 724172.152742774 6174940.16865877, 724171.084039619 6174937.65056086, 724170.21337474 6174935.69159443, 724169.136031901 6174933.66151884, 724167.605938075 6174929.88781414, 724165.4530572831 6174925.68564257, 724162.908531951 6174920.09018708, 724160.889180313 6174916.1677629, 724158.211809393 6174911.52406053, 724153.919839979 6174903.3330748, 724149.55204269 6174895.84086818, 724146.703882709 6174891.48690836, 724143.450408827 6174886.43166829, 724141.004816931 6174882.91798973, 724138.563716384 6174879.12629009, 724134.0806117889 6174872.66021293, 724128.36138515 6174865.06128029, 724122.095137417 6174856.8953227, 724115.275337721 6174848.44232189, 724105.4417248251 6174836.88058401, 724103.189890792 6174834.38974909))",48,Ingerslevsgade,1013272000000,0,370,100,"5,00"
tungvognsnet.48,"MULTILINESTRING ((724688.999117935 6180339.5260187, 724703.9402664661 6180340.88293483, 724704.5254410211 6180340.93652466, 724766.8274887031 6180346.59544667, 724858.012870638 6180351.96326048, 724878.55652612 6180352.19448751, 724878.876588496 6180352.19781626, 724941.567734897 6180352.90446167, 724941.867797166 6180352.90739488, 724948.5651996571 6180352.668703, 724977.1533052081 6180351.65163186, 724996.819480082 6180350.95197373, 725011.66471889 6180348.25637831, 725022.180086191 6180345.97234824, 725023.949472386 6180345.33107179, 725024.353541691 6180345.18400124, 725036.060782643 6180341.41293966, 725048.424974542 6180335.53302299, 725054.78657393 6180331.43183378))",93,Strandvænget,1017008000000,0,370,100,"5,00"
